Company Name,Website
accenture,www.accenture.com
accuknox,www.accuknox.com
adobe,www.adobe.com
airbnb,www.airbnb.com
akqa,www.akqa.com
alpaca,www.alpaca.com
altschool,www.altschool.com
amplitude,www.amplitude.com
anaplan,www.anaplan.com
andela,www.andela.com
ander,www.ander.com
anyscale,www.anyscale.com
apollo,www.apollo.com
appdirect,www.appdirect.com
appdynamics,www.appdynamics.com
appirio,www.appirio.com
apporbit,www.apporbit.com
arista,www.arista.com
arrivy,www.arrivy.com
autodesk,www.autodesk.com
aventior,www.aventior.com
aviatrix,www.aviatrix.com
barracuda,www.barracuda.com
beta,www.beta.com
bettercloud,www.bettercloud.com
betteryou,www.betteryou.com
bitnami,www.bitnami.com
bitrock,www.bitrock.com
bitwise,www.bitwise.com
bluecore,www.bluecore.com
bombora,www.bombora.com
bounteous,www.bounteous.com
box,www.box.com
briq,www.briq.com
broadcom,www.broadcom.com
bugsnag,www.bugsnag.com
bytegain,www.bytegain.com
c3,www.c3.com
capgemini,www.capgemini.com
carbyne,www.carbyne.com
carto,www.carto.com
cavirin,www.cavirin.com
censys,www.censys.com
chainalysis,www.chainalysis.com
chef,www.chef.com
circ,www.circ.com
cisco,www.cisco.com
clorox,www.clorox.com
cloudacademy,www.cloudacademy.com
cloudbakers,www.cloudbakers.com
cloudbees,www.cloudbees.com
cloudera,www.cloudera.com
cloudflare,www.cloudflare.com
cognitops,www.cognitops.com
cognizant,www.cognizant.com
cohesity,www.cohesity.com
coinsource,www.coinsource.com
copado,www.copado.com
copper,www.copper.com
coursera,www.coursera.com
criteo,www.criteo.com
crowdbotics,www.crowdbotics.com
cysiv,www.cysiv.com
dataart,www.dataart.com
datadog,www.datadog.com
